,OLS_Ridge,DOE_Ridge,OLS_Ridge_NODROPOUT,DOE_Ridge_NODROPOUT
OLS Synthetic Data,"{'MSE': array([2.86450497e-06, 3.87225564e-03, 7.40138320e-03, 1.19432937e-01]), 'MAE': array([0.00143794, 0.05980137, 0.08130323, 0.31964528])}","{'MSE': array([1.56338200e-03, 8.91052567e-02, 1.20520572e+00, 4.63452246e+01]), 'MAE': array([0.02808428, 0.20363187, 0.78241963, 4.97560834])}","{'MSE': array([0.00057971, 0.00072213, 0.00067808, 0.00648922]), 'MAE': array([0.01972087, 0.02075954, 0.01924916, 0.06156225])}","{'MSE': array([4.93754850e-03, 1.08514607e-01, 1.67287865e+00, 6.01680488e+01]), 'MAE': array([0.05184791, 0.25012753, 0.89698891, 5.71764071])}"
DOE Synthetic Data,"{'MSE': array([1.38843294e-04, 6.66771967e-03, 1.21585473e-01, 7.01609739e+00]), 'MAE': array([0.00856899, 0.07084401, 0.25123393, 2.04221104])}","{'MSE': array([3.65276091e-05, 1.99460826e-02, 1.65554063e-02, 7.85686417e-02]), 'MAE': array([0.00572443, 0.12706265, 0.11428687, 0.2319153 ])}","{'MSE': array([7.86448182e-04, 3.12737186e-03, 1.10582170e-01, 6.65701160e+00]), 'MAE': array([0.02302617, 0.04568141, 0.23857712, 2.01957257])}","{'MSE': array([0.00018443, 0.00029647, 0.00022933, 0.00031851]), 'MAE': array([0.01051152, 0.01237154, 0.01157299, 0.01318948])}"
Experimental Data,"{'MSE': array([8.06085051e-04, 1.17489891e-02, 9.84008846e-01, 3.86460288e+01]), 'MAE': array([0.01853524, 0.08282963, 0.46587568, 2.77140333])}","{'MSE': array([3.99886165e-04, 2.73095250e-02, 6.34543528e-01, 2.28342236e+01]), 'MAE': array([0.01241952, 0.13642851, 0.43338528, 2.30507524])}","{'MSE': array([1.79752840e-03, 8.71765363e-03, 9.83541077e-01, 3.83495821e+01]), 'MAE': array([0.03428159, 0.08082106, 0.54680137, 3.02722338])}","{'MSE': array([6.60111101e-04, 4.20869960e-03, 6.04665137e-01, 2.20938801e+01]), 'MAE': array([0.01804655, 0.05164804, 0.43588466, 2.39723222])}"
